id,Case_date,FolkNotes
1,1644,"She did some compasses around babies accompanied with secret words, withershins with candles around the child birth bed. Used a green hesp at childbed ceremonies. Passed sick child three times round an oak post (tree)"
2,1597,"Used a shirt in south running water for a cure, then she had a smith put a red hot iron in the water with the shirt.  She used a garland of green woodbyne for a cure which she cut into nine pieces and cast into a fire."
3,1649,"Meetings held around Pasche, first week or week after, either 1 a.m. or 10 o'clock at night."
4,1597,"Her daughter was taken away by the fairies and she learned witchcraft and taught it to Lewinstoun.  She found a bunch of bewitched items in their wall and cast them into a fire.  For knowledge of the sex of a baby, power received from the fairy-folk.  She was consulted by Saidler for cures.  She could heal named diseases"
5,1597,"A cure involved drinking a mixture of wort and butter.  She was to bath in woodbine and roset hett - a combination of plants.  She took the blood of a red cock, and baked a bannock with it.  Then she took one of her patients shirt and dipped it into a well.  Saidler believed that one of her patients was being bewitched by Jonet Stewart, she tried to counteract the magic, failed and told her patient to beg for the forgiveness of Stewart.  When she couldn't do a cure, she sent for Levingstone for cures.  She used Quick-silver."
6,1649,Margaret Dobson confessed that Alisone's heart had died and was stone.
7,1649,The victim said he wanted to drink with the supect and then he did drink with suspect and he got better.  Her servant said that she had a 'piece of clay formed be hir to the liknes of a mans priwie members doing quhat is abominable to think or speik of'.  This was tried in front of the kirk session.  She was witnessed spinning a sieve.
8,1597,He was consulted by Jonet Stewart to affect a cure with a red hot iron.
9,1598,Greed wood (fairies?).  Use of circles.  Use of red nettles to cure a pain in the loins.  Use of fresh butter as a salve.  Used salt water for cures.  Washed people.  She roasted four or five kittens and used the drippings to rub a sick person.
10,1650,Green threads.  Someone found a pouch of thread and lead in their yard and assumed she had put it there to bewitch them.  Mention of appeasement with ale.
11,1661,Devil came to her own house at Martinmas.
12,1603,"He used south running water.  Used raw flesh with nine notches on it to bewitch someone, by putting it under their door (this could have been an unwitching ceremony?)."
13,1661,Mentioned a man in green clothes in her confession.
14,1605,She was presented with a hairbelt (in the shape of a Devil's claw) from the spirit woman Helena McBurnie according to P. Lowrie.
15,1604,"She was presented with a hairbelt (in the shape of a Devil's claw) from the spirit woman Helena McBurnie and used part of a corpse in a ritual, according to P. Lowrie.  Supposedly used a stone for her 'adois'  She provided herbs to combat P. Lowrie's bewitching.  Carried out rituals at Hallowe'en and Whitsun."
16,1605,He was presented with a hairbelt (in the shape of a Devil's claw) from the spirit woman Helena McBurnie.  He was accused of damaging cows milk on Beltane.
17,1607,"Peole made up with her over drinks, and a strange poor woman turned up asking for meat, and announced that the accuser was bewitched.  I read her as a community healer who diagnosed the situation, but the accuser was either hiding the fact that they hired her or hiding her identity."
18,1607,"His patients had to repeat words.  He prescribed drinks and salves.  Patient had to go on his knees three nights in a row, three times a night to ask Jesus for his health.  He used Loch water from the Dow-Loche beside Drumlanrig.  Lots of charms in the name of the 'father, son and holy ghost'.  Pre-Reformation type religious ritual. The giving of remedies was done in the context of drinking ale at the pub, where a local woman was slandered for being a witch and causing an illness that Bartie healed.  He told the man to ask for his health from the woman.  JC26/5/2 has drawings of tables with Latin words laid out that I think Bartie used.  This document has lots of drawings and weird symbols, he could have been accused of learned magical practices.  He used letters and writings for healing.  A remedy for all women involved grinding almonds mixing them with egg whites and putting on their face.  For bleeding at the ???? -write letters on a knife and kill a beast. Lots of specific cures with specific letters and rituals"
19,1608,"According to her sister Beigis Tod, they did rituals with a cat and named it Margaret."
20,1591,"In other accused's confession it was said that they had used corpse and corpse powder, and had met at halloween."
21,1591,She was included in the ritual to tie joints to the feet of a cat and then cast it into the sea to raise storms.
22,1591,Claimed by others that she was involved in using a corpse and powder from a corpse and attended meetings at Halloween.
23,1628,"This case has some interesting details about the herbs and other ingredients that she used in salves. These included rippell grasse (ripple grass or robwort plantain), waffron leaf(?), plantain feather(?), finglie (?finkle or fennel), and hyssop(?). She denied she had used foxtree leaves (foxglove). She also claimed that she had her skill from the possession of a book, that had belonged to her father and grandfather. She said it was a 1000 years old but as she could not read it her son, Adam Bell, would read out bits to her. The book was taken from her during the ministry of William Couper who was minister between 1595 and 1612."
24,1591,"Not the typical love magic, this was done to get Dame Jeane Lyoune Lady Angus to love her, by which I think they mean to show her favour?  She paid Agnes Sampson a ring and a head scarf.  She was also accused of consulting Rychard Grahame as to whether or not the king would come home from Denmark.  She was acquitted of making wax images and of being at the North Berwick meeting.  Extended description of potions made out of strange materials."
25,1591,"The bowl was described as a great bikar that was put around her head and neck to inaugurate her into the craft (perhaps the impetus for the cauldron myths?).  Description of a bewitching using materials left in a window (magical use of boundaries).  She was accused of using her servants to deliver materials to and from other witches, and those servants seemed to have betrayed her in court by testifying against her."
26,1628,"Described several rituals for healing, which he claimed he had learned from the fairy folk. They had appeared to him in several forms at several different places. Used water (south running) to heal. Would charm sarks with water and words. Carried a sick child over a dyke to cure it. Told a father his child had taken a 'fray in the night'. Told to take it outside at 11 or 12 o'clock, lay his hands on the child and shake his drawn sword over it, as the fairies would not come when they saw a drawn sword. Identified where a woman got sick and told her to go there and seek her health in God's name."
27,1629,A woman diagnosed Margaret as the cause of a bewitchment.
28,1628,Wyfe of Totmuir designated Margaret Burges as her bewitcher.
29,1591,"Detailed description of preparation for the North Berwick meetings that she was supposedly at according to Napier's dittay.  Used a sark.  She was present when Agnes Sampson melted a toad over a fire and did something with the drippings as part of the attempt to wreck a man (they later found out it was the King).  The toad was then sent to Edinburgh to the women who would use it there.  Then Sampson called her master three times.  They then had the wax image, said words and walked widdershins with it."
30,1629,"Used a sick man's shirt for diagnosis of bewitchment.  Healing for money.  Used part of a root under a man's head for failed healing attempt.  Told some sick people to seek their health from the suspected bewitcher 'for God's sake'.  He performed an unauthorised exorcism, he said he would save the boy's soul.  He gave the boy a leather pouch filled with rusty nail, bits of stick and roots.  Used south running water, powders to make drinks.  Told people not to eat meat on Fridays.  Said to use water where 'ane Christian King had ridden over' to wash a shirt for healing.  He kept a book of cures and had 3 special stones called 'slake stanes'.  Drummond called his healing words 'holy orations'."
31,1591,Detailed ritual with four joints tied to the feet of a cat and cast into the sea to raise a wind.  She handled the cloth and clay pictures.
32,1629,There is a description of a possible unwitching episode that was attempted on John Hog where a disease was transferred to a newly born baby.  Lots of information about this event in JC26/9 item 7.  There is something about a strange cat found in Margaret's house and a din of cats that was seen and heard at her neighbour's around Michaelmas.
33,1631,"She was accused of being part of a conspiracy to kill Manderston by putting a dead bird in his barn and by leaving a dead hand in his path.  Investigators supposedly destroyed some material evidence, including a wax image of Mowat,  by burning.  The fire was described as unnaturally big."
34,1631,"He was accused of consulting with the Devil to cure himself.  He was told to put his wet shirt in the doorway of a witch (presumably and unwitching strategy, the 'witch' in question being his supposed bewitcher). He was also accused of being part of the supposed conpiracy to kill Manderston by leaving a dead bird in his barn and a dead hand in his path.  He was also accused of stealing the shoe of Mowat and buring it as a way of harming him."
35,1593,"Accused of being involved in the use of wax images, poison and other means to kill King James.  The poison was made from flesh off the forehead of a newly calved foal and the skin of an adder.  Also accused of being part of incantations and triangle making to raise spirits to help him destroy the king."
36,1634,Used an enchantment to make their oat field more productive than their neighbours.
37,1631,"He healed someone of the fever with the Queen of Fairy.  The belt had been put around the waist of a dead bairn before being used to cure a cow.  Used plaits of their hair.  'confessit he knew quhan weshing or charming [wes to be] useit and that weshing was not to be useit bot quhen there was bewitching.'  He was descibed as using 'Oriesounes' which means formal speech.  A later accusation against someone else detailed his cures - he used lax water from a south-running well in a white pitcher which was warmed on a fire.  The water was dumped outside where a cat ran across it, went mad and attacked a man standing nearby.  He taught them a charm for enhancing their crops."
38,1633,"Protective magic used to increase people's fishing catch - she washed the unsuccessfull fisherman's cat's feet with the fishing bait water and threw the water out to sea after him.  She removed a bewitchment from someone.  To remove a forspeaking, she took a cup of water, put big salt into it and then spit into it."
39,1634,Used an enchantment to make their oat field more productive than their neighbours.
40,1643,She pronounced an illness was due to Kirk spirits.  She put hot stones on the threshold and then into water and used the water to wash a sick person to get rid of the Kirk spirits.  Did the ritual three times.  She was seen doing things around a loch.  Said she could get someone's husband home from sea through a storm.  She was accused of divining the future of when people would die and whether or not they would recover.  She also caused an illness by placing a bundle of grasses with a woman's spinning.
41,1643,"When drying corn with a hot stone she was heard to say 'I am drying this corne to the devill', then the stone broke.  She cured a man who was plagued by the ghost of his dead first wife.  A weird little ritual, she told a man to put a piece of moss on the end of a stick to protect his crops.  A man was troubled by apparitions of his first wife, she told him to go to her grave and charge her to 'ly still'.  Cured the 'boneshaw', maybe boneshot.  She used nine blue stones that she put in water. Cured the hart cake."
42,1596,witchcraft cast by one blak clout with a thing made of iron in it.  She left the clout near a gate where P. Ruthven often walked.  She gave the black clout to the Devil.  She also took P. Ruthven to a loch where she had left he clout.  She claimed that the black clout was made by Katherine Stewart (nik gourdue).  When she was going to be apprehended for his illness she tried to cure him with a herb bath
43,1608,According to others he was involved in rituals with a cat and named it Margaret.
44,1608,"According Beigis Tod, they did rituals with a cat and named it Margaret.  There were also cat rituals in Agnes Sampson's trial."
45,1615,She confessed to fostering a bairn in the fairy hill of Westray.  She said she had dealings with the fairies for 26 years.
46,1638,The witness reported that she had heard a woman advise Margaret to sew something in her bodice and then she would want for nothing. No details about what was used.
47,1590,She provided Lady Fowlis with elfshot.
48,1700,supposedly killed a minister's child and tormented as if they were being strangled.
49,1700,Use of an object (called a 'charme') but doesn't say what it was.
50,1700,Mention of her being associated with a multitude of noisy cats and rats.
51,1700,"appeared as an apparition to a guy in his bed chamber with 2 other witches the three also appeared as animals - a sow, a cat and an ape."
52,1608,They did rituals with a cat and named it Margaret.
53,1662,Used dog flesh and sheep flesh to make drugs (enchanted charms).  They left cooked flesh bits sprinkled all over the gates and property of two Lairds from the area (Park and Lochloy) in an attempt to destroy them and their posterity.  They also made a picture of clay of the Laird of Park.  They prayed to the Devil and burned the image.
54,1610,Accused of giving a woman an enchanted drink in order to bewitch her.
55,1610,She called her words 'prayeris'
56,1613,He used poison obtained by his sisters from a witch to poison his nephews.
57,1662,"Said she knew charms to cure the evil eye, wristing or brising (?) and the glaick. These involved rituals and charms spoken in Gaelic. She used water, a curchif (handkerchief or scarf), herbs. To cure the glaik she would take the person (child) to the place where the herb grew, avoiding seeing any other person. Picks up the herb through a broch (brooch) takes it home and seiths (sains?/bless) it on the fire. Thsi she would give as a drink, three times."
58,1662,This involved a group of people who confessed to turning the riddle - sieve. McKaw said it was to get some silver for her mother although it is not clear if this silver had been lost. Kirk session were troubled by the case but did not indicate it was witchcraft.
59,1662,"She confessed to mixing the body of an unchristened child with nail trimmings, grain and cole-wort and chopping it all up very small and used it to take away the fruit of a man's corn.  Described night flight and flying on straw and a broom.  Said she used shot to send a soul to heaven but the body remained on earth.  She met the Queen of Fairy in the downie-hill and was given meat.  In the fairy hill she saw elf-bulls.  Took away milk using a tether (could restore milk by cutting the tether).  Did all this in the Devil's name.  She made an image of the Laird of Park to destroy his children (with others).  Detailed description of how the image was made.  Nearly the same description given by Janet Braidheid of the wax image!  She confessed to shape-changing with others- she was a kea (jackdaw) and the others were a cat and a hare.  They tied a thread with three knots and did something widdershins.  They raised the wind with a wet cloth and a beetle and specific words.  Their spirits can raise the wind.  She linked the elves and the Devil by saying that the Devil gave elves instructions on how to use and make elfshot and that they fire the shot in the Devil's name.  Special ritual described for shape-changing.  Had different words for each animal (cat, hare, crow, horse.  She lists different verbal charms to use for healing various ailments (bone-shaw, fevers).  For her first 'voyage' she went to the plough lands and shot a man and they made a potion by boiling ingredients and saying words they learned from the Devil."
60,1623,Words and deeds (signs and troles?).  Use of unguents
61,1629,Her sons had to do penance for charming for conducting a ritual to cure their cattle with a special flask of water given to them by the mistress of Leyis.  She was accused of using a specific ritual that involved taking off her hat and walking around with it counter-clockwise (withershins)
62,1649,She caused people to see many 'sichts' [sights] like ugly beasts and whelps.  She used a ritual to steal babies from her sister-in-law.  She rubbed her with three little enchanted stones after birth and she rubbed the child and the child died.  She did something with fox cure and south-running water.  She tried to enchant a man by causing his fire to take on the appearance of ugly cats with her likenss in the face.  And she cast lumps of raw flesh and blood around his floor.  She caused a man to have visions of wiched spirits riding out from under his bed.  It is unclear who scratched whom?
63,1629,"Ritual involved plucking a nettle by the root, urinating on it and walking around it three times to cure a disease.  Her servant saw her light a fire between two doors and walk a new born calf over it.  A neighbour found her in a trance-like state laying on her floor by the fire, they heard a great din and mumbling."
64,1630,"Using ulie (oil) spek cammomyle and heart creishc (creesh = fat, grease or tallow).  Lots of information about healing techniques in his dittay (JC26/9).  He supposedly tried to destroy Manderston by leaving a dead foul in his barn which killed lots of horses.  Used cats and birds for healing.  Instructed a woman to cure her husband by rubbing him with a wet cloth."
65,1631,"He was also accused of being part of supposed conspiracy to kill Sir George Home of Manderston, using a dead enchanted foil (bird) and a dead man's hand."
66,1632,"Scratching used against her!  She walked withershins, southwards, and three times, involved in helping relieve the pain of childbirth.  She tried to cure her brother using South running water and by burning his things.  She was seen walking on Samuelstone's land and therefore being a part of Lady Samuelston's plot to kill her husband.  She was accused of doing a midwifery ritual that got her into trouble.  To ease the pain after childbirth she brought in a big pan of water, threw salt on a fire and rubbed the patient.  She then dipped her fingers in the water and sprinkled it over the patient three times while uttering words.  The words spoken were 'banes to the fyre and soule to the Devill'.  St Peter's day was supposedly 29 June."
67,1633,"He designed two magical things, a love potion and a token 'taikynes' of love (a gold jewel with diamed and rubies that was enchanted to make the reciever give herself over to the giver)."
68,1669,She was accused of providing raw enchanted flesh so that Geillis Burnet could kill her husband.  She was supposedly paid a six pence and a pint of ale.
69,1634,Alleged use of an enchanted egg (?changeling egg) to kill a child.  A bruise caused by Bathgate supposedly swelled into the shape of an egg and rotten egg-like substance flowed from the swelling.  Old Lady Cranston declaired that the bairn was betwitched.  She was seen dancing widdershins around a mill stone.
70,1677,She was part of the rituals to kill Maxwell of Pollock with wax images.  Doesn't say why she hated him.
71,1677,Accused of attempted murder using wax/clay figures roasted in a fire.  Wax images were found.  She was the one in her group who spoke the ritual words and turned the wax image on a spit over a fire.
72,1677,Accused of attempted murder by roasting wax/clay figures in a fire and inserting pins in the image.  Wax images were found.
73,1677,"Accused of attempted murder by roasting wax/clay figures in a fire and inserting pins. She claimed that Bessie Weir turned the image on the spit and chanted 'Sir George Maxwell, Sir George Maxwell' which they all repeated. She also gave the names that the Black man had called the others. The images were supposedly found in her mother's house and her brother's house.  She supposedly joined the devil at harvest time."
74,1677,Accused of attempted murder by roasting wax/clay figures in a fire and inserting pins into the images.  A wax image was found in his bedstraw with pins in it exactly were Maxwell felt pain.
75,1677,Accused of having cast an illness by roasting of wax or clay images.  The wax image was found in a hole in the wall behind her fire.  She was also found with a wax image of a woman while in prison.  The authorities thought she had strangely escaped from the stocks while in prison.
76,1649,It was claimed by Burghe that she was involved digging up corpses with Johnne Brughe and Katherine Mitchell and layingthe flesh above the doors of byres and stables in order to harm cattle and goods
77,1677,One of the group Janet McNair confessed to demonic pact but no details of the others' confessions.
78,1688,"On handsel Monday she came upon people playing pennystone and offered one man bread and cheese. He refused to take it initially, but then ate some and let the rest fall on the ground. His wife took ill later. Threw a hair tether into a neighbour's house before he became ill. Accused of using  water and a sign (movement) to cause the death of animals. Put bonnet on child's head the wrong way - later he died. Verbal charm spoken three times. After accusation that she had bewitched a woman the accused went to her and gave her onions which she told her to boil with a sheep's draught and then drink it. The woman recovered her health. Another cure involved an egg mixed with ale."
79,1697,"Accused of participating in 6 meetings where wax images with pins were used to enact murder and roasting the wax image was also used to kill and torment people.  One meeting to strangle a child took place at midnight in the kid's bedroom.  Apparently physical charmes made of bone, blood, and hair were found."
80,1697,"Threw a charm of stone and blood in a sack into a river as sympathetic magic to cause a drowning. Accused of participating in 6 meetings where wax images with pins were used to cause murder. Roasting the wax image was also used to kill and torment people. One meeting to strangle a child took place at midnight in the kid's bedroom. Apparently physical charms made of bone, blood, and hair were found"
81,1697,"Accused of participating in 6 meetings where wax images with pins were used to enact murder. Roasting the wax image was also used to kill and torment people. One meeting to strangle a child took place at midnight in the child's bedroom. Apparently physical charms made of bone, blood, and hair were found.  She was also a known spirit medium who could allow people to talk with their dead relatives."
82,1697,"Accused of participating in 6 meetings where wax images with pins were used to enact murder.  Roasting the wax image was also used to kill and torment people.  One meeting to strangle a child took place at midnight in the child's bedroom.  Apparently physical charms made of bone, blood, and hair were found."
83,1697,Allegedly the objects were used as image magic to murder children and adults.
84,1697,"Accused of participating in 6 meetings where wax images with pins were used to enact murder.  The wax image was roasted to kill and torment people.  One meeting to strangle a child took place at midnight in the kid's bedroom.  Apparently physical charms made of bone, blood, and hair were found"
85,1697,"Accused of participating in 6 meetings where wax images with pins were used to enact murder. The wax image was roasted to kill and torment people.  One meeting to strangle a child took place at midnight in the kid's bedroom.  Apparently physical charms made of bone, blood, and hair were found"
86,1643,"South running water, dug up corpses and used the flesh to harm people."
87,1649,The devil met a group of people when they were ploughing and promised them a good crop that year.
88,1650,"Appears to have prayed to God and Our Lady, three times, to help labour pains."
89,1645,"Tried to remove witches' malice with a gift of ale.  Against defence saying prayer is not demonic, it was argued that it could be if it was used as a devilish charm."
90,1645,Helen was cured by a spae wife of South Leith 20 years ago who was burnt for witchcraft. The spae wife was called Elspeth the spae wife.  She was offered a chopping (chopin) of ale.  And people asked her for their health back.
91,1650,Blew in the face of one of her victims. Put divots of grass under her cogs.
92,1650,It was claimed that she disappeared for 24 hours every quarter. Later it was said that she went with the fairies at these times.
93,1650,"Walker was asked about her practice of going to each corner of her house and saying the following: 'Here I cast a compass, there I cast a compass'. She said she believed it was a prayer."
94,1650,"Witnesses claim they saw her going to a well and collecting water, which she cast on her rigg. She spoke nothing on her way and forbade witness to follow her to the well. Cursed witness who argued with her son, he then took ill."
95,1649,Accused of giving advice about cow giving blood. Told woman to take the blood three times withershins about her house then pour it into a hole in the ground.
96,1677,Macgregor claimed that he cured a woman by putting a bead round her neck (?) and got paid for this.
97,1691,"Accused of having pretended to 'a spirit of prophesy and revelation of things to come'. Confessed that she had visions, later confessed that she was possessed by an evil spirit and wanted ministers to commiserate with her miserable and deluded condition and that they would entreat God by earnest prayer that she may see the evil of her ways and obtain repentence."
98,1697,"Allegedly part of, and a witness to, a group of witches who used image magic to kill people."
99,1649,"Accused of turning the riddle (sieve), a form of divination used to find lost goods or identify a thief."
100,1649,"Several spoken verses recorded by another accused witch, which she claimed to have been used by Watsone. Watsone did not mention this herself."
101,1650,Witness claimed that the accused lit 4 fires in her barn and then threw salt in the fires.
102,1650,"She threatened people when they tried to collect on debts or when they refused alms, then they tried appeasement (i.e. drinks or giving her a shoulder of mutton."
103,1650,Told a man to seek the moulles (chilblaines?) of a black cow.  He supposedly spoke words of healing that caused a whole house and bed to shake the sick people recovered.
104,1597,"Accused of casting 'cantryps' between a victim's doors after which he took ill. Accused of having left a many coloured cloth at a neighbour's house. When she burnt it (fearing it was witchcraft) the fire cracked and they thought the house would fall. Said to one man 'I shall gar thee forthinkit that thow hev territ my howss, I being fra ham' - he then took ill. Met at twelve midnight. Gave a man a drink of herbs, butter and saifroun (saffron?), which he was to drink 3 times. Also wrapped a knotted green thread about his body and oxsters, then put it in the fire. Another thread was left round his waist and if it broke or not to put it in the fire. Told a woman to go to south running water to wash him. She was paid  20 shillings and half a firlot of meal for this."
105,1650,Her documents specify what she was paid for healing.  Described her healing as 'melt the belt' for a sick child. This is likely to be mett or metting the belt - which involved measuring a child round the middle or from head to toe as a form of predicting the outcome of an illness.
106,1597,She cast cantrips or spells.
107,1597,Leyis was accused of using cantrips to bewitch but no description of what they involved. Accused of having predicted the birth of a female child (his daughter) before Elspeth Reid knew she was pregnant. The child would be born on a Sunday after Martinmas.
108,1597,Mentioned of sunrise in confession.
109,1597,Seen at the Nether Mylne Burn on Ruidday. Gathered stones some of which she threw in front of her and others over her shoulder. The she took three sips of water from a dish and spat them back into the burn. The burn then stopped flowing to the mill and the mill stopped working.
110,1650,She told the parents of a sick child to send it to St. Jroganis well.  The whole thing failed and the child died. This is St Jergan's well at Islesteps.
111,1597,"Told her guidman (husband) to walk 3 times withershins round any cows before he bought them, ?to protect or identify the best one. Offered a beggar some milk, which he refused. When asked why he did not take it replied that she had milk from her own and other people's cows, including a forrow cow - a cow not in calf."
112,1597,Could charm a sword so that the owner would be protected from harm or injury. Healed using south running water and prayers. Told servant to get the south running water in silence. Incantations included reference to the Trinity and Christonday.
113,1597,"Confessed that she offered to remove a bewitchment from a mill. Went to another accused person, Katherine Gerard, who told her to take sand from the north door of the mill and throw it over the wheels and stones in the name of God and Christonday. The mill then started to work again. Also confessed that she and Gerard had met and with a feather had cast the bewitchment on the mill earlier."
114,1597,"Frasser claimed that in order to povide for herself and her children she had pretended to have knowledge and skills, for which people consulted her. ?professional healer. Got paid in kind (salmon) for helping ensure a good catch. Told a man to eat sourrackis (wood sorrel) and lavery kale and to expose his chest to the air as birds flew by because it was 'werrie profitable to lousse his harte pypis, qihilk were closit'. Also spoke verses three times."
115,1598,Used cloth of various colours. I think she used nail trimmings rather than iron nails as it refers to 'peces of nails'. Claimed to have had a piece of paper on which there was writing and that a neighbour took ill and died after picking it up.
116,1597,Accused of going to the burn of Bogloch on the first Monday of the quarter and taking some of the water and casting it over her shoulder. Also accused of collecting the dew off the grass with a blanket at the same time. This was testified by the minister as being a ceremony associated with witchcraft. Accused of cutting her heidleas (ribbon) into 9 pieces and burying them under the barn door of a neighbour. Accused of passing a knife 3 times over a cow while it was being bulled ?to ensure fertility. Laid a new calf on a piece of turf to met/measure it.
117,1597,"Accused of bewitching a man with a spindle, rok (distaff) and forl (NE version of quhorl or spinning movement)."
118,1597,"Claimed her mother learned her skill from an elf man who had lain with her. Used paper and threads to stop a woman's husband from beating her. Used coin and red wax wrapped in cloth, to ensure marriages. The talisman was to be worn about the neck and when the desired partner was seen it was to be used to strike the face. Turned a new born baby three times, baby then died. Cured oxen by tying them with a collar/bridle. When they were released the person who released them took ill and died. Accused of bewitching doors/thresholds. Later either the next person to touch the door or animal to cross over, took ill and died. Took dead people's bones and rinsed them in water. The water was then used to cure a sick person and the bones to be thrown into the River Don. The river 'rumlit as all the hills hed fallin thairin'. Took burning coal at Hallowe'en and buried it in her yard."
119,1597,Caused a man's wand to never lie down. He later died.
120,1597,"Claimed that she gave 'devilische potage' to a woman. She claimed it was brawn and jelly but the woman refused it otherwise she would have died. Witness claimed that she, or a devil in her likeness, appeared and vomited and spewed fyrie brunndes (brands) from her mouth. Accused of having gone three times to a stone, called the Curstane, at sunrise in May."
121,1597,"Most of the dittay refers to her use of threads (coloured and cut) to cure illness or to identify the cause and predict outcome. On one occasion she used the thread and told the woman she was not bewitched nor did she have the fevers. The same woman complained that Lucas had made the walls of her house shake, and that Lucas had made the devil appear to her and her husband in the shape of four legged beasts. They claimed that Lucas had told her husband if he had any property that was not his he was to return it to their rightful owners and the Devil would stop appearing."
122,1597,"Accused of being able to cause storms by hanging a beetle from a thread and whispering words to it. Also accused of using special green thread to bewitch cloth so that it would sell at market. 2 other women had a share in the cloth and Oige promised them that it would get a good price at market. The women asked her how she knew and she then enchanted the cloth with the green thread, which had been used in a winding sheet. The cloth was sold at the market when other people's cloth was not."
123,1597,"Weighed pillows that, when given back to the person, caused them to die. Given a belt from Spaldarge (as a sign of her pact with the devil) which she used to cause the death of several people. Also used a stick tied with red thread, which she used to remove bewitchment. Claimed that she predicted a woman would have only boys. She had 6 but they did not live. Gave a pot filled with 'devylische confectionis' to one woman, who later died."
124,1597,"Accused of putting 'ane schot' in the side of one of her neighbours who contracted a sickness. Accused of using 'cantripis and incantationsis' to cause animals to die. Said to have turned herself three times backwards around a victim and touched the victim's hair with her hand, and afterwards the victim took ill."
125,1650,Took a rowan over her head to cure a sickness.  Asked God for her daughter's health.  A man saw her riding a cat and leading two in her hands.  He became ill after he witnessed this.
126,1598,"Hit animals with a bird to cure them. Also black wool and salt as a remedy for diseases. Spoke 'orisonis sic of Sanct John'. Put stones in the 4 corners of a ward (piece of land) to protect the crops and good. Put a man 9 times forwards through a piece of yarn and transferred the sickness to a cat, which he put backwards through the same piece of yarn. Spoke the words Benedicite and Maikpeblis to summon and dismiss the Queen of Elves. Claimed if an iron plough was dipped in salmon water it would help stop the oxen from running away."
127,1597,Accused of having used a pair of shoes to bewitch another person.
128,1597,"She cursed one of her victims before the Ruidday. Plucked 3 goose feathers from her sister's geese and blew them off her hand - geese immediately died. Claimed that she took a slaughtered cockerel and fire from her old house to her new tack at Furde of Fortrie, which was claimed to be 2 special points of witchcraft. Accused of tying red thread to the tails of her cows. Accused of using a wax picture to harm one of her victims, who sweated and burned in a fever and could not quench his thirst."
129,1609,Used a spoken prayer to stem bleeding.
130,1612,Learned his art fron the Egyptians (i.e. gypsies)
131,1615,She rubbed a man with water and he saw visions of a 'ruche' sheep above his head.  She said it was just his illness leaving him.  She supposedly participated in some kind of ritual at the kirkyard of the Cross Kirk of Westray with her mother and a knife.  She also gripped someone's pulse as part of a healing.
132,1616,"She used a thread and gave it in the name of the father, son and holy ghost and said 'bone to bone, synnew to synnew, and flesche to flesche, and bluid to bluid' to cure man or beast.  Took earth and stone from where a man was slain to cure ulcer.  Used stones to diagnos and cure spirit illnesses."
133,1616,The devil taught her to wish ill on someone by looking at them with open eyes and praying to him for their ill.
134,1616,"Two men she met at a loch told her to take an egg and roast it and use the sweat of it to wash her hands, and then to rub her eyes with unwashed hands to get the sight of anything she should want to know.  [Possible allusion to one of the miracles of Christ when he spits in the dirt and washes a blind man's eyes and he can see?].  The black man at the loch turned out to be a fairy man who was also a dead kinsmen of hers.  He came to her when she was in childbirth.  She also seemed to know things abour herbs (specifically Merefow (?) to cause a nose bleed)."
135,1616,Supposedly learned to take the profit from neighbours' corn from the Egyptians (gypsies).
136,1616,Supposedly learned to take the profit of their neighbours corn from the Egyptians.
137,1616,The thread was used to cure sleeplessness - the man was to wear it around his head for nine nights and then burn it. She did crosses and conjurations over the thread. He also said he had trouble around the moons. In order to save the profit of someone's milk she told them to stir their milk with the finger bone of a man (that she had provided). This was after she did a test to determine if someone was trying to steal the profit of her client's milk.
138,1616,The devil supposedly came to her on the calendar custom days listed.  The Sea nut is possibly a bean or seed that washed ashore and the hook is called a 'Cleik'  The nut brought good luck if carried and the ring of the cleik helped the profit of the milk if it was used for milking.  She saw the trowis (trolls) rise out of the kirk yard at Hildiswick and Holiecorss (Holycross) Kirk especially at Yule. Trow is the Orkney and Shetland dialect term for fairies or little people.
139,1623,Wayburn leaf also known as plantain was applied to relieve pain.
140,1623,"Directed a woman to weigh her sick child and make a pile of barley of the same weight and feed the child meat for three days.  Moved a knife through water.  Burned a plate full of corn for healing.  Walked a cow backward into the sea, and the surf washed over it nine times."
141,1624,She used a spoken charm to heal her master.
142,1629,People seemed to remember incidents of alms or lodging refusals (followed by murmuring and harm) that happened on special days.
143,1629,"Helped to save a ship, curing.  In order to save his sheep, a man was advised by Jonet to sprinkle  drops of blood over one of the sheep by a fire on Halloween. Not sure if Lauren means a sheep or ship?"
144,1633,He apparently carried his 'distinguished' sister around at the direction of the Devil.  A man was attacked by a giant beetle.
145,1633,Rituals for protecting cattle at Halloween. Using linen cloth and a hair of the beast.  Says she was with the pharie.  They gave her second sight to know if any fey body are in the house.
146,1633,"Used three hot stones (one for the ebb, one for the hill and one for the kirk yard) and placed them in the lintel of the door then said words as a cure.  Water taken from St. Mary's well at midnight.  Used molten lead or wax put in cold water to divine.  Used an oil made from meiklewort (deadly nightshade) to cure."
147,1633,She removed her curtch and shook her hair loose at a woman who has been ill ever since.  Used a coin to determine if a distant friend was well.
148,1634,"Many details about her healing rituals some of which used words in the form of prayers. Others involved complicated use of south running water, hair and nail trimmings, bannocks, and other objects."
149,1635,Sprinkled water on someone's head three times for a cure.  She touched a woman's head with three small stones three times for a cure.
150,1635,"She was accused of charming the 'meisses' [mice?] of Saba into going into a stack of corn where they all died.  She orchestrated a wedding against a man's will and then his wife wouldn't lay with him.  He consulted her mother and Helen who prescribed a ritual involving half a bannock bread placed under his left arm and water sprinkled in his bed.  It didn't work, the man reproved her so she damaged his goods.  She also gave a man a blue thread for protection.  He also seems to have performed a diagnosis and unbewitching ritual that the dittay calls healing."
151,1644,"Initial charges in 1637 relate to charming and she confessed to helping women who were infertile but no details of her practices. Seems to have been no further action by presbytery in 1637. In the later charge she appears to have diagnosed that another woman's mother-in-law (goodame) had 'gotten wrong' from another neighbour's house, ie the cause of the harm. This seems to have backfired on her."
152,1638,MG was believed to have cursed a couple of households after they refused to pay her money. After suffering ailments MG was requested to restore their health three times. On one occasion she used a cloth to wipe the face of the man who was in pain.
153,1638,Woman witness reported that she heard a woman advise Margaret Bannantyne to sew something in her bodice and then she would want for nothing. No other details.
154,1644,Used nail trimmings which were to be placed between the bark and rind of a tree. Robisone appears to have agreed to cure diseased person in return for some clothes. Used nail parings to transfer sickness.
155,1642,Burghe said corpse flesh was put above the byre and stable doors in order to destroy the goods and cattle.
156,1643,"Prophesied the failure of a man's goods and gear, and family by cursing them."
157,1643,She did a diagnosis to determine whether or not milk was bewitched.  She read the bubbles in the milk.
158,1658,She was caught using two shears and she cursed the man who found her.
159,1643,"His son confessed that whenever his father prayed for ill for any people that he did not like, then it would come to pass. Went twice or thrice withershins about a house and later the woman took ill."
160,1643,"Accused of going to someone's house at sunrise, then went three times withershins round the fire. It was claimed this act caused a neighbour's bear (meal) to go rotten and his oats did not grow. Accused of hitting a cow three times with the skirt of her coat (?)."
161,1643,No details about her use of charms.
162,1644,"Requested to remove illness after cursing woman. Gave her husband some silver to hold his peace, then sent the woman some cheese. Touched a man's leg three times, then touched the ground. Sent a bannock to a man to cure him. Accused of appearing under a fishing boat as a porpoise and causing it to overturn and sink. Four men drowned and she was requested to lay her hands on the dead bodies, which then bled proving that she had caused their death."
163,1646,"Accused of casting water on a plaid, which she then rubbed against a dog (her own dog?) who immediately died. Also accused of casting water and salt onto neighbour's property."
164,1649,"Seems to have been accused of predicting either her own last days or those of her husband. When asked how she knew this, appears to have admitted that she had been told that she has been slandered as a witch."
165,1649,Said she met people who had died of the plague.
166,1658,They opened a locked door at a witches meeting
167,1649,This group of individuals were all investigated for turning of the riddle - prophecy. It is not clear who carried out the ritual as they all seem to have done it themselves. This is not really witchcraft and the kirk session did not refer to it as such.
168,1649,This involved a group of people turning the riddle - sieve- for good luck and prophecy. One of them said it was to get silver. The kirk session were concerned but did not imply that it was witchcraft.
169,1649,"This involved a group of people who had all been turning the riddle - sieve - for fortune telling. The kirk session investigated, referred it to presbytery but did not imply that it was witchcraft."
170,1659,"Confessed that she cured a neighbour of the falling sickness by laying her in a newly dug grave and cutting her belt in 9 pieces. The neighbour was better until the two fell out and the illness returned.  A woman dreamt she was flyting with Marion, when she woke she saw two cats.  She gripped a woman and said she accused her of calling her mother a witch, then she fell ill.  The woman sought appeasement and Marion said no.  The woman went to pray and heard Marion and her mother consulting with a third person she supposed to be the Devil. Marion wanted to cut her tongue out and the Devil said it couldn't be gotten.  The woman fell over screaming."
171,1662,Witness claimed that he had seen them all dance round a fire waving a napkin in their hand. They all denied the accusations.
172,1706,"She confessed that they were good spirits, but did not refer to them as fairies, and they told her the world would be destroyed. Witnesses claimed she used charms, including a belt which had a tourner (a copper coin, not legal tender after 1707) and 3 pickles of wheat in it but she denied this. The spirits showed her a vision of the day of judgement, when the heavens were as thunder and fire."
173,1699,She removed an illness by making up with the victim
174,1699,"A man was made ill after a quarrel about grazing, and he recovered after Nicinnarich gave him some milk to drink.  A man was made ill after a quarrel and only recovered when Lady Redcastle and Kenneth Mackenzie challenged her and called her a witch."
175,1659,Walked Widdershins.
176,1572,"Used shirt for diagnosis.  Brought the shirt to an elvish well.  She charged the spirit in the name of the father, the son, king Arthur and queen Elspeth to remove the illness or take the sick man to them.  She couldn't do a cure because it was past Halloween.  Predicted the death of an infant because she got a blast of evil wind.  She learned her curing from a woman in the Potterrow who had once cured her.  She started her prayer with 'Blist Benedicite'.  After she washed her hands at a holy well, St. Leonards, there came to her a man of our good neighbours.  Predicted that the Regent would die.  She bore five bairns while subject to the fairy for seven years and felt no pain."
177,1576,"She was told to be silent about her visit to the fairies.  There were 12 of them, 8 women and 4 men.  Indication of how she was questioned to get accomplices and more information.  The fairies wanted her to go with them.  Loads of information about fairies.  Specific roots and herbs were mentioned, including ginger, liquorice, clover, and anis seed.  Thom gave her a green thread to help with child birth curing but she lost it.  They asked if she supported the Reformed faith, she said that Thom said it was not good, but the old faith needed fixing.  12:00 hour of the day was Thom's most common time to appear.  The Queen of Elphan commanded him to wait upon her.  She was asked specifically if she met him by lochs and water side, she said only once."
178,1658,Woman in green waiscoat with a black pot ?fairy.  Joined the devil during Lenten.
179,1658,Described how Sybilla Drummond had told her to use salt and south running water for a woman in labour.  Accused of putting raw flesh under a threshold to kill animals.  She put a clout in a hole in a man's wall.
180,1658,"Confessed some story about having a moldiewort that she kept at home ?familiar but unlikely.  A woman saw a woman walking home from where they collected mussels, looked back and saw only a sow, and 'in the twinkling of an eye' she saw no sow but Jonet Black."
181,1658,"Claimed that Jonet Great, who was dead, came out with herself and others to a man's house, where they stole bread"
182,1658,Often met the devil and others at 12 o'clock at night.
183,1659,"Confessed to doing something with woollen yarn placed around, the text is unclear."
184,1659,Accused of tampering with someone's hearth fire and causing a fire.
185,1659,"A woman went to her for advice on how to cure her daughter.  Margaret told her to put something above her door, which the woman refused and her daughter died."
186,1659,"To cure blasted people, washed them with water from the hollow ground after an ebb in the sea with a quantity of meal and straw placed in four corners of the bed, and she used a horseshoe, a hook and a piece of raw flesh.  She said father, son and holy ghost three times.  To cure maw turned she walked people around an oak pole three times, said some words to God and St. Brisbane.  For curing someone that is wronged by an other at variance with them, go them and crave your health back (basically curing the quarrel, words, misfortune illnesses).  For keeping folks from harm, bury a quick modiewort  in a box under the outside of a threshold."
187,1659,"she knows a blasted person, which means a bewitched person 'by the gogling of their eyes and turning hither and tither to ather side.'  Washes their clothes in St. Ninian's well for healing.  This will either 'end them or mend them.'  She learned it from lady McFarlens daughter 24 years prior.  She transfers the disease if she meets anyone on the way back from the well.  Also layed two foxtree leaves under their head and middle.  She cures maw turning by leading people around an oak tree three times, repeating words.  For curing persons forespoken she recites words and takes some of the illness into herself.  For curing heart fires she uses a belt and two threads she rolls them and if the threads are on the top and the bottom the person has heart fires."
188,1659,She used Foxtree leaves and told people to ask for their health from a suspected witch for God's sake. Used south running water
189,1586,"Her purse was found by a man in town, and it contained pickles of quheit beir (wheat bere), great salt pieces, pieces of coal, thread, joint bones, and other things of various colours.  She used the shear and riddle (sieve) to get gear for people."
190,1661,Meeting in a brown bush at midday 12 noon.
191,1588,"She was cured by this Mr. William sympson 'the witch', Mr. Sympson made a statement about all the illnesses of the Archbishop of St. Andrews.  Said she had friends in the court of the fairies who were blood relations.  She couldn't recall how long she had spent with the fairies.  The good neighbours hold her under God. She claimed to go to St. Andrews to heal people."
192,1659,She Devil changed shape from a rat into a man.
193,1660,"A woman took her to the Deane, a place called the stone well."
194,1659,Confessed to going to a witches' meeting on Lammas.
195,1661,Definite fairy things here: Devil in green clothes and a witches meeting on Beltane night.
196,1661,"After a quarrel about Beatrix storing a pock in the house of William Young and Agnes his wife, they tried to appease her with ale. She drank but wouldn't speak. Later Beatrix ,as an apparition cat, attacked him, and their children were hurt in the coal pit.  She said that after meeting the devil she was frequently carried in her sleep to the company of many brave souls.  She practised definite rituals in midwifery. She stuck a baro knife between the bed and the straw and sprinkled salt and saying words."
197,1590,Accused of sending a man to the Egyptians for poison.  Made a picture of her victim out of butter.
198,1590,"He hired people to kill  his brother Robert Munro, the same person that Lady Fowlis was trying to kill."
199,1661,"Accused of using orations to make Mungo Steill ill, but no description. Met the devil at dusk. Went down on her knees and cursed a man."
200,1661,"A male victim suffering from pains like child birth and swelling went to a English doctor in Leith,  who declared that he was bewitched.  New charges in second restatement of trial.  Her master Andro Lauder and his wife asked if she had fallen out with anyone. Disease was taken off and moved to a cat, there was a cold wind when the cat died."
201,1661,Appeasement was tried but failed. Claimed by witness that a cat (?Ramsay) appeared 3 times in his house and that later 2 of his boys died and his wife was ill for 26 weeks.
202,1661,"After a horse fell ill, 'a country man' said that if they put the horses' shoes in a red hot fire and took them out, the bewitcher would appear if it was witchcraft, then Janet Cock showed up without a pretext.  When Janet Cock appeared above a new mother and her child, the new mother said 'the spirit of grace be in this house' and the witches and devil disappeared."
203,1590,Said by Hector Munro that she used hair and nail trimmings to heal.
204,1662,Her husband offered ale to one of her accusers.
205,1590,Said by Hector Munro that he used hair and nail trimmings.
206,1590,He was sent to the Egyptians to get poison for Lady Ross. He was paid 8 shillings and some cloth.
207,1590,Said by Ross to have used wax/clay images to cause harm.
208,1590,South-running well.  She supposedly had a kist full of men's secret members made of clay.
209,1590,"She did some kind of charm with a compass in the earth.  Three worms came out of a hole in the middle of the compass, a big one, a little one and then a big one that died.  She interpreted this as a man, his unknown infant in the womb, and his wife who would die of childbirth, and she did."
210,1590,"this one is very badly written, seems to be telling the same story about a bairn in blanket brought into a barn.  But I can't make it out.  She made a drink out of mugword and Mynt"
211,1670,The spirit woman offered to go to the queen of fairy to get help for Jean.  After receiving help from the woman who went to talk to the queen of fairy Jean was spinning and found a lot of money.
212,1671,On both accused killings she placed something under her then husband's bed.  For her first husband it was an piece of enchanted raw flesh.  For the second it was enchanted powder - the powder supposedly caused him to have problems in is 'privy parts' with burning.
213,1671,Accused of using spells
214,1671,"People were taking thatch from her roof, especially from above her door, to stop her harmful magic from working.  Interestingly, she was described as earnestly offering apples to someone who refused (presumbably out of fear that they were tainted).  Elspeth was suspected of becoming angry at this refusal and caused harm.  She interferred with milk churning, and injured infants of people she quarrelled with.  Neighbours testified that Janet Callen, executed for witchcraft in 1659, had left holes in Elspeth's hearth stone from when she lived there."
215,1671,A strange case with lots of strange detail about him trying to get good luck?
216,1590,"Use of cats to raise winds to sink ships.  They took an object that looked like a fute-ball and cast it in the see to raise 'ane vapour and ane reik' to send the King's ship off.  He blew on a woman's hand to open a lock.  He lit a horse with candles, a magical thing.  He carried the mole's feet around as a talisman so that he wouldn't lack silver.  He walked withershins.  He could predict the future of when and how people would die if he knew their birth day.  Night flying.  Newes From Scotland, describes a foiled love magic attempt."
217,1671,"Her case is all about healing.  She seemed to specialise in healing children and infants.  She did many of her cures on the Sabbath and other holy days.  Diagnosed bewitchment.  A transcription of some of her case is in Larner et al.'s Sourcebook, p. 269.  Some of her cures invovled moving the sick child around and putting it in a cradle.  She supposedly left her 'witchcraft' on the hearth stone of her former house.  The next family that moved in suffered losses to their cattle.  She caused a cow to be put through a circle of green yarn for a cure."
218,1679,A boy had a nightmare that she was gripping him and he woke up on the floor in pain.  She asked for someone's health on her knees and the person recovered.
219,1590,Something about a baptism and meeting a woman but the handwritting it terrible.  I think there is mention of a serk.  She took the sark to
220,1591,Said by others to have been involved in rituals using corpse and corpse powder and attended rituals at Halloween.
221,1678,Marion Veatch appeared to her 'in bodily likeness'  in her sleep.
222,1591,"Predicted someone's death.  She said the Devil was responsible for storms around Michaelmas and that they would continue.  Learned her healing from her father.  Gripping to cure.  She did lots of rituals with cats, passing them around and combining them with joints (dead people's).  They cast live cats into the sea, the cats swam out again.  Did a version of the Lord's Prayer, Ave Marias.  She was paid to heal very high status people (Lords, lairds, and their wives) from a large territory.  She prescribed an egg dipped in vinager, and one dipped in white wine, rubbed a patient with Aqua vitea.  Healed someone on Halloween.  She blessed a ring."
223,1629,She scratched A. Nisbet (C/EGD/170)
224,1678,"While in the shape of bees she and Marion Veitch carried the poison used to kill Veitch's grandson in their 'cleuchis, wings and mouth'.  She claimed that Helen Laying (her master) kept her from church and had her carry water from a well instead."
225,1678,She left her body at the kirk in Pencaitland when she went out as a corbie.
226,1680,She was accused of making  a wax and clay images and putting them over a fire to kill two high ranking men (Lord Cochran and Hammilton)
227,1700,She was offered a dollar for appeasement.  Lots of muttering and curses.
228,1700,Used a 'charme' meaning an object to cure someone.
229,1591,"tied four joints from a dead man to the feet of a cat, cast it into the sea, the cat swam back.  All this to make wind."
230,1700,"Very interesting description of a sympathetic magic ritual.  She was accused of holding a leather strap as if she were milking a cow.  This action supposedly magically took the cows milk from her neighbour, thereby increasing her output and destroying her neighbours milk/dairy output."
231,1700,"Used hair as a charm to cure.  The objects were used to heal. Used rowan tree belt wrapped nine times to cure ?frigidity. Used nail clippings, eye brow hair and hairs from the crown of the head and half a penny wrapped in cloth. Told witness to sow some milk in with his corn on Beltane day. Told another man to boil a stirck (young cow) and burn the rest of the bones to ashes and then bury them. Dougall said this would cure the sturdie (scrappie) disease in his beasts."
232,1700,accused of doing a charme with a frog at the threshhold.
233,1700,was accused of using a frog at the threshold for a charm.
234,1700,She was blamed for a charme involving a frog at the threshhold.  She also advised someone to wade into the Clyde.
235,1700,"appeared as an apparition to a guy in his bed chamber with 2 other witches the three also appeared as animals - a sow, a cat and an ape."
236,1700,"Danced as an apparition with 2 others in a guys bed chamber - they also appeared as a sow, a cat and an ape."
237,1659,Someone asked for their health for God's sake.  She diagnosed Colic for her daughter.
238,1658,"horses that died on lammas were blamed on her.  A woman saw four cats dancing 'as it weir dancing the reill dance', the cats went to Jannet's house.  Jannett also accused a woman of stealing an ingle [fire] from the aqua vitae pot, the supposed thief suffered great pain and boils.  I think this was a counter-strategy tried on Jannett.  A man who was going to report her to the session for missing church on a Sunday got ill on the Monday and just before his death saw her with 'a devil out of hell'."
239,1658,"Foxtree leaves (foxglove) used to cure sickness. The consulter was told to take her mother to a certain place, wash her and use foxtree leaves, and leave the sickness at the place where she got it.  She diagnosed an illness as possibly related to the fairries having taken his tongue, if this was true she could be no help to him.  But he should try foxtree leaves and S. running water.  She gripped a child and told them to keep it close and away from the minister.  Diagnosed a child with 'Ferrie blast'.  She did a cure where the victim had to sit between three fires.  A ritual with smoke and fire to get a man out of a witch's grip.  Again told to keep it close especially from the minister.  Advised to keep the bible near for a cure for distempter.  She said a man became ill after digging up a thorn tree.  She diagnosed bewitchings as caused by Kirkcudbright and Dumfries witches (told the victims to get 3 stopings of straw from the witches' roof and burn them)."
240,1658,Marione stole coal from a woman's hearth fire.  This seems to have been related to a bewitchment.  'A wife' told the women from whom Marion stole coal that this was not good and it resulted in a flyting incident between the two.  At an earlier point I think it was unclear which flyter was the 'witch'.  After the flyting the other woman woke up with a paddock [a toad] under her clothes and then her best cow died.
241,1659,"After she gave birth she caused the midwife to use supersticious rites, used salt for the baptism, instructed eveyone to walk home speechless from the baptism, and burn hindberry leaves around the child."
242,1591,"Others said she was involved in rituals with corpse, corpse powder and a cat and attended meetings at Halloween."
243,1659,She put a bannock in the wall to protect the cows.  Cured with a prayer and I think a fish?
244,1659,Withershins.  She had a quarrel with a man who accused her of leaving a black cleise and three blue yearns under his milking cow (a charm).  A man who was to confiscate their things found a black toad in his bed and died.
245,1659,She confessed to being away with the Fferrie.  Had a great meeting with the not earthen folkis and not earthly talkis.  They had a fire and dancing and myrth.  When asked how she knew them she said they were 'fairer and beltin busked [beltane bound] and that they spak with ane eldridge voyce' [elvish voice].  She said the Devil came to her in prison and said he could strangle her like he did for Helen Harris.  She claimed that no one else could see the devil in the tolbooth because he had rubbed something in her eyes.
246,1659,Denounced by Jonet Miller when she diagnosed an illness as being caused by Jannet Corsan after a quarrel and curse.
247,1659,Appeasement offered to her of milk and bread.  This means that people were trying to make up with her so that she would no longer feel malice towards them and would desist in magically harming them.
248,1659,"Poured cows milk into Jennat's yard to heal a cow.  Janet Miller diagnosed her as the cause of someone's illness told her to get 3 stoppings of Straw from Jennat's roof and burn them.  So she was the subject of counter-magic, that means that her neighbours thought she was using harmful magic on people."
249,1659,"Mention of her cat always being around a sick child, when they killed the cat the child recovered.  Someone found half burnt thorns at her heathstone.  Tait asked for a bannock and then asked for more and was refused because the woman didn't want to give her more than one thing at a time so as to prevent the 'witch' from having power over her."
250,1671,"She was accused of healing and casting rats and other animals and causing other beasts to suddenly die. [In the circuit court books this was described only as charming, in the Aberdeen Roll she was charged with witchcraft and charming - shows the fuzzy distinction between the two.]"
251,1591,"Detailed description by others of how she was supposedly involved in preparation for North Berwick meeting. Said to have used corpse, corpse powder, snake skin, toad, urine and wax/clay images in rituals. Also meetings at Halloween."
252,1671,"She was accused of healing and casting rats and other animals and causing other beasts to suddenly die. [In the circuit court books this was described only as charming, in the Aberdeen Roll she was charged with witchcraft and charming - shows the fuzzy distinction between the two.]"
253,1591,Others said he was involved in rituals with corpse and corpse powder at meetings at Halloween.
254,1591,Others said that she was involved in using a corpse and corpse at halloween.
255,1709,Denied that she had used a wax image but said she had used water and coals to harm Morton.
256,1591,Others said he was involved in using corpse and corpse powder at Halloween.
257,1591,Others said she had been involved in using corpse and corpse powder at Halloween.
258,1591,Others said she was involved in using corpse and corpse powder at halloween.
259,1591,Others said she used corpse and corpse powder at Halloween.
260,1591,Others said she was involved in using corpse and corpse powder at Halloween.
261,1621,mostly charming with shirts (sarks).  Could cure 'the waff of ane ill wind or foirspeiking'.  This would be equivalent to removing a bewitchment or a fairy illness.  She would be the kind of person someone would go to if they thought a witch was damaging them.
262,1591,Others said she was involved in using corpse and corpse powder at Halloween.
263,1591,Sampson said that she was involved in using corpse and corpse powder.
264,1591,Said by Sampson to have been involved in using corpse and corpse powder at Halloween.
265,1623,"She confessed to using special water.  She washed a sick child and asked for healing in the name of the father, son and holy ghost.  Then cast the bairns shirt in the burn.  She was nearly able to transfer the disease, but she spilt some water and it didn't work.  She was asked if she met fairies, she answered yes, 10 years prior.  She claimed that she stayed in a fairy hill for three days -Thursday till Sunday.  Met with a man with a grey beard.  She made 3 cakes, out of 9 handfuls of meal gotten from 9 different women.  She collected well water for healing. Sharg - tiny ill-thriving creature, probably a changeling."
266,1624,She had 'ane great bag lyk ane fwynes bledder' [A great bag like a faune's bladder] on her lap which she claimed was her guts which a woman had trampled out with her knees.  [Is this some reference to the shamanistic removal of organs?]  She seems to imply that she was being bewitched and was trying to find the witch who was plagueing her husband and her household.  Some tried to appease the person she believed to be the culprit with ale after she asked for alms and said the person would heal.
267,1624,"Someone took a lock of her hair.  Description of a ritual where she took 3 cows tail hairs, 3 of her pubic hairs, and 3 hairs from her papys and said 'cum butter, cum' in order to move the profits from one person to another.  When one of her accusers was going home late one evening he met a number of cats and claims to have seen her face on one of the cats.  Appeasment with a bannock."
268,1643,Used eggs and meal to cure a changeling child. In another incident used fire also to identify changeling who was 'ane hundred years old'.
269,1661,met the devil at oatseedtime (spring).
270,1612,"South running water used, no words to be spoken on the way from collecting water or power of healing would be lost. Said that her own child had been taken by the fairies"
271,1632,Witness told presbytery that Ker had appeared to her while she was in her bed with her husband and had abused her. The witness then took an illness and later on her knees asked Ker three times for her health. Ker denied all the accusations.  Later entry in the presbytery minutes about another woman (Christian Adie) who was in trouble for having requested her health from Ker.
272,1649,Entries record that she advised the use of the blood and feathers of a black hen as a healing charm. Note: black cocks were used to cure the falling sickness but there is no mention of the illness or symptoms she was treating.
273,1647,Used water from St Mungo's well to heal her father and spoke verse/charm.
274,1647,Used term 'good neighbours' who wore green kirtalls. The fairies wanted a nurse for one of their own offspring. BP told them to go to a neighbour's house but the woman would not go with them and so her child was killed. This may indicate a changeling type motif but it is not mentioned specifically.
275,1627,entry records that she was accused of 'turning the fyne'?
276,1708,"Accused appears to have advised a man to go to Sandness church, and sit in the dark and smoke some tobacco and he would be cured of a sickness, which he claimed had been caused by being given a banock by one of the Ratter sisters."
277,1708,Witnesses claimed she cursed a man saying 'God should swarfin his body and his ground' and later the man's body decayed. Swarf - to faint or swoon. Also told family of sick woman who was having blood let that this would not help her. Woman later died.
278,1725,Cursed people but no record of what she said.
279,1643,Accused of causing illness of a neighbour. Seen carrying a stoup of water while her hair was loose about her ears. The man also claimed to be troubled by a great number of cats - but does not suggest that Sinclair appeared in the shape of a cat.
280,1699,It was cliamed that she cursed and swore at her victims.
281,1597,"With her sister Spaldarge, she seems to have had a vision of a headless man, which they claimed predicted the death of a man. Seen paddling in loch on Nuris Day, throwing water and erd and stane (ritual of land ownership) over her shoulders. Took fire peat from one man's house to her own house and later daughter/son (?) of the man died. Predicted the birth of a child. Did not exchange any greeting with a man who later died. Touched boy on both cheeks, later he died."
282,1597,gave Issobell Richie a magic belt which if it was ?lost (tyne) would cause the death of bearded men. It was claimed that the belt was a sign of the devil.
283,1597,"Accused of having caused her daughter-in-law's illness, which was made worse with some milk that was given to her by Rogie's own mother (M. Bane). Was seen to be carrying out some strange ritual of measuring some land and building a cairn of stones and also casting 'yerd and stane' over her shoulder. Erd and stane was a symbolic ritual associated with land ownership. Rogie did not answer the person who saw her carry out the ritual, who then took ill and died. An image of a man, made of soft lead (?wax/clay) was found in her purse."
284,1597,Accused of having caused the death of a woman by giving her some mutton that Robbie and her mother (Margaret Og) had bewitched. Also accused of having carried out a special ritual (?protective) with her mother. They threw a knife 3 times over a cow while it was at the bull ?to ensure a fertile union.
285,1644,"Accused of having spoken a curse, which then caused a man's horse to fall, break its bones and later die. Also claimed to know how to keep a man's health. Take a cog of water, put three straws in it and put it on the back of a sick cow. Then take some water and put it in the cow's mouth, then put an arm down the cow's throat, which will cure a cow. Also accused of throwing water three times for an evil purpose. Was able to locate lost/stolen money. Claimed that she predicted an outbreak of smallpox."
286,1644,"Her statement said that she had been speechless for 1 day and people had said she had been taken by the fairies, she denied this. She denied that she was able to identify other witches."
287,1649,Accused of being able to locate stolen goods but no details.
288,1590,"Claimed to have used rowan tree and a piece of a dead person's finger to cure the worm. Fairies offered her food but she refused it. Her husband took ill, then her baby was replaced with a changeling. She refused to feed it and threw it in the fire. She then promised to serve the 'fair folk' in return for her child. Said the saw Richie Graham at meetings with the 'fair folk' as well as several other people. While in prison she was visited by a man and asked to identify who had stolen his cow's milk. The man and the woman that Watsonne identified were questioned by the presbytery."
289,1596,Seems to have been accused of observing the Lord's supper in a papistical way. She denied all charges.
290,1649,"She was requested to take the sickness off a child, who it was thought she had made ill."
291,1630,Used a belt as part of a healing ritual (met the belt).
292,1603,Claimed to heal the gut using water and butter.
293,1597,"Predicted or threatened that a man's children would not live, because he would not die. Her prediction came true,"
294,1597,"Seen hugging the corners of a man's house at dawn. He later took ill and died. Prophesied that a man who had taken on a property would lose it all. Seen to have thrown stones in water, which then appeared to dance. No details about what they were for. Seen to turn the bowl of her shears 3 times in the mouth of her sheep."
295,1597,"Accused of taking three hairs from her cow's tail, cutting it into pieces and putting them in the trough. Later her cow gave milk but her neighbour's did not. Accused of taking a calf under her arm to charm it.  She told a woman to bury clippings from the front hooves in her yard. Carried a newborn calf three times round its mother."
296,1597,Gave a woman a 'tabblet' and a ring to use as a love magic talisman.
297,1597,Accused of using rituals involving taking nine handfuls of earth from one man's rig and throwing on to his own. Accused of going withershins about a kiln in which he was drying corn. Said to have thrown water on the threshhold of a neighbour's house causing his servant to flee.
298,1597,Accused of healing a woman of the fevers with a sleeve and thread. Said to have brought a burning coal out her house at Hallowe'en and buried it in her yard.
299,1662,One report said she was seen to go round cows several times. Lifted up her curcheffe and cursed to cause harm. Said she knew a charm in Gaelic to cure the evil eye.
300,1677,Confessed that the devil told him about stolen goods. Said that he met the others on top of the hill on a Sabbath.
301,1662,"Used herbs to heal. Said the devil told her the fairies took John Glas's child's life, and that they intended to take Glas's life as well. Said that an illness was caused by the fairies - 'blasted by the fairies'. Asked what the difference was between shooting (elfshot) and blasting. Said there was no cure for shot and that blasting was a whirlwind that the fairies raised about their victim but that it could be healed with herbs or charms."
302,1629,There is a description of a possible unwitching episode that was attempted on John Hog where a disease was transferred to a newly born baby.  Lots of information about this event in JC26/9 item 7.  There is something about a strange cat found in Margaret's house and a din of cats that was seen and heard at her neighbours around Michaelmas.  She was also accused of divination.
303,1697,allegedly part of a group that used image magic to kill people
304,1697,allegedly part of a group that used image magic to kill people.
305,1643,The Devil told her to heal a man by laying a black caird under his door.  The Devil supplied the black caird.  She said that she didn't keep the kirk regularly and that was why the Devil came to her.
306,1601,"He tried to use witchcraft and potions to seduce the daughter of his employer, 'by the dobbing on ane apple and ifusing of ane portioun of his awn natur in it' and getting her to eat it, laced her drink with 'Spaniyie fleis, gave her a drink made with daphindillie, then consulted a witch.  None of this worked so he raped her."
307,1661,"A group came into her house and she thougth them fairies, she recognized two of them."
308,1603,Reid prepared an enchanted piece of flesh for her to lay under her enemies stable door.
309,1605,"She was presented with a hairbelt (in the shape of a Devil's claw) from the spirit woman Helena McBurnie according to P. Lowrie, and involved in meetings at Halloween and Whitsunday."
310,1608,According to Tod she did rituals with a cat and named it Margaret.
311,1603,Reid claimed that he prepared an enchanted piece of flesh for her to lay under her enemies' stable door.
312,1588,"According to Alison Pierson his father was the king's smith.  He was taken away from his father by one man of Egypt, one gyant, while he was a bairn.  He lived their for 12 years.  His father supposedly died because he opened a 'preist-buik' and looked at it.  Perhaps Pierson was learning from him while she lived with him at the age of 12.  The fairies told Pierson that Sympsoune was one of them.  Pitcairn quotes the 'Legend of the Bischop of St. Androis' for his case.  He told Pierson that he had been carried away (out of middle earth) with the Fairies and that when a whirlwind was heard that was them.  Mention of a tithe to hell."
313,1590,"Katherine Ross, sent Christiane Roiss to him to purchase some elfshot. No details from McNilland."
314,1590,Claimed by others that he was involved in rituals at halloween.
315,1591,Said to have used a cat in rituals.
316,1591,Said to have been involved in using a cat in a ritual.
317,1591,Others said she was involved in rituals with corpse and corpse powder and attended meetings at Halloween.
318,1591,"Sampson said he was involved in rituals using corpse, glass, salt and thread."
319,1591,Sampson said they participated in that throwing of cats into the sea to create wind.
320,1591,Sampson said involved in the throwing of a cat into the sea ritual to raise storms.
321,1591,"Sampson said she was involved in rituals using corpse, glass, salt and thread."
322,1591,Sampson said she was involved in rituals with corpse and corpse powder.
323,1591,"It was claimed by others that she was involved in ritual with corpse and corpse powder, and attended meetings at Halloween."
324,1592,"Also the head of a young calf, newly calfed."
325,1591,Said by Macalzene to have used animal blood for healing.
326,1591,Said by Macalzene to have been involved in a ritual using corpse powder and grave earth.
327,1659,A woman found a lump of flesh in her bed in the shape of a hand and fell ill.  The same woman hired a woman from Dunblane to cure her with a drink.  A man cam to her for advice about the removal of a bewitchment.  She told the man to grip the suspected witch's coat tail and drink ale with her and ask for his health 3 times for God's sake.  She made bad predictions which came true.
328,1697,"Accused of participating in 6 meetings where wax images with pins were used to enact murder and roasting the wax image was also used to kill and torment people.  One meeting to strangle a child took place at midnight in the kid's bedroom.  Apparently physical charmes made of bone, blood, and hair were found"
329,1697,she was named as being part of one of several alleged meetings of witches to use image magic to kill children.
330,1697,Lots of image magic alleged to have been used for child murders.
331,1700,Use of charmes to make a tormented girl's hands swell.
332,1697,Alleged use of image magic and wax images to murder children and adults.  Also to enact possessions.
333,1697,allegedly part of a group that used image magic to kill people including children.
334,1697,alleged use of wax images for image magic to kill people.
335,1697,alleged with a group that used image magic on several occassions.  A man brought her milk after having a fall out followed by threats from her and illnesses.
336,1697,allegedly part of a group that used image magic to kill
337,1697,allegedly participated with a group in the use of image magic to kill people.
338,1697,allegedly part of a group that used image magic to kill.
339,1602,Turning of the sive and the shears.
340,1616,She was seen in a transe repeating words when her husband was at sea and in trouble.
341,1665,Used a wresting thread to cure a wrested cow.  Was paid 40 pennies for a cure.  Made a charm out of something like ground salt put into a cloute and put onto a cow's back.  A blue thread around a man's waist.  Worm grass for curing the worm.  Fasting and meat eating.
342,1640,She supposedly sailed in a cockle shell.
343,1659,she supposedly walked about the town counter-clockwise.
344,1616,cast a suitor's left shoe over the house to determine if one should marry him.  Walked thrise around the church with a bare head and hair flowing.
345,1579,Conversance with the Devil on Pasche.
346,1579,"She did a cure using 'plasteris and bathis of ???, and blak snailles upoun ane pece blak mantillone yairin' to cure a bad leg.  Also used bluid cress [watercress?], and a pece of blak clayt."
347,1658,Healed by wrapping a woman up in a linen cloth and then burning it.  Also used powder
348,1659,McNauth was the object of counter-magic.  Her victim was to seek her health and get three stopings of straw from Janet's lintel and burn them.  She was seen at the ale house with cats and carlings.  Use of a magic charm for protection.
349,1658,20 Days before hallowmas she was at the shore gathering shellfish with Janet Corsan when they got lost and ended up in 'some eldridge place unknowin to hir where she saw a compne of weemen and one cold black uglie greusome man'.
350,1593,she was involved with the picture of wax that Agnes Sampson used.  They melted it
351,1635,She murdered her husband with a drink made of foxtree leaves and tried to give her daughter an abortion (a drink of wine and salt) that backfired when her daughter died.  Her grief and guilt seem to lay behind her confession.  She confessed that the Devil told her how to make both drinks.
352,1635,used foxtree leaves to kill a woman